Predicted power,Actual power,Abs error,MAE,MAPE
,,,0.3090484142303467,8.308841705322266
3.410464,3.7195125,0.3090484
